Date,timeOpen,timeHigh,timeLow,name,open,high,low,close,volume,marketCap,timestamp
23-08-2024,00:00:00.000Z,2024-08-23T22:28:00.000Z,2024-08-23T14:55:00.000Z,2781,0.59760018,0.615633659,0.59432161,0.61123904,1254262512.28,34339399344.00,2024-08-23T23:59:59.999Z
22-08-2024,00:00:00.000Z,2024-08-22T06:08:00.000Z,2024-08-22T02:55:00.000Z,2781,0.600277049,0.603865549,0.593852194,0.597600779,943673178.78,33573234744.00,2024-08-22T23:59:59.999Z
21-08-2024,00:00:00.000Z,2024-08-21T19:14:00.000Z,2024-08-21T13:52:00.000Z,2781,0.59442699,0.605303904,0.586757662,0.600275409,1185128570.66,33723594856.00,2024-08-21T23:59:59.999Z
20-08-2024,00:00:00.000Z,2024-08-20T08:35:00.000Z,2024-08-20T15:13:00.000Z,2781,0.598609762,0.614521063,0.588848855,0.594427714,1275196278.52,33355129880.00,2024-08-20T23:59:59.999Z
19-08-2024,00:00:00.000Z,2024-08-19T19:17:00.000Z,2024-08-19T01:01:00.000Z,2781,0.563873698,0.608509245,0.562320235,0.598606091,1592288723.51,33589838098.00,2024-08-19T23:59:59.999Z
18-08-2024,00:00:00.000Z,2024-08-18T12:37:00.000Z,2024-08-18T23:59:00.000Z,2781,0.566323793,0.578752102,0.563856279,0.563875254,633645481.02,31640690553.00,2024-08-18T23:59:59.999Z
17-08-2024,00:00:00.000Z,2024-08-17T17:03:00.000Z,2024-08-17T00:37:00.000Z,2781,0.564513806,0.570539889,0.562127289,0.566319416,481701398.75,31778172945.00,2024-08-17T23:59:59.999Z
16-08-2024,00:00:00.000Z,2024-08-16T08:04:00.000Z,2024-08-16T15:37:00.000Z,2781,0.560956578,0.570269371,0.554827609,0.564516411,1021214645.86,31676608962.00,2024-08-16T23:59:59.999Z
15-08-2024,00:00:00.000Z,2024-08-15T02:35:00.000Z,2024-08-15T20:22:00.000Z,2781,0.569191138,0.573873493,0.552453399,0.560955129,1163264081.30,31477001959.00,2024-08-15T23:59:59.999Z
14-08-2024,00:00:00.000Z,2024-08-14T10:46:00.000Z,2024-08-14T14:13:00.000Z,2781,0.576408122,0.58188919,0.566226006,0.569191857,1138569808.22,31939108830.00,2024-08-14T23:59:59.999Z
13-08-2024,00:00:00.000Z,2024-08-13T18:01:00.000Z,2024-08-13T04:13:00.000Z,2781,0.568768484,0.583112768,0.563871892,0.576398852,1245896254.74,32344035696.00,2024-08-13T23:59:59.999Z
12-08-2024,00:00:00.000Z,2024-08-12T11:22:00.000Z,2024-08-12T00:35:00.000Z,2781,0.552931408,0.579069366,0.552162881,0.568768484,1479740403.04,31915352067.00,2024-08-12T23:59:59.999Z
11-08-2024,00:00:00.000Z,2024-08-11T02:10:00.000Z,2024-08-11T22:34:00.000Z,2781,0.585585592,0.593076793,0.547540874,0.552932454,1202704290.70,31021863581.00,2024-08-11T23:59:59.999Z
10-08-2024,00:00:00.000Z,2024-08-10T13:02:00.000Z,2024-08-10T00:11:00.000Z,2781,0.581150939,0.601366844,0.579598241,0.585579424,1134054567.14,32853905690.00,2024-08-10T23:59:59.999Z
09-08-2024,00:00:00.000Z,2024-08-09T02:26:00.000Z,2024-08-09T13:37:00.000Z,2781,0.617580148,0.62370724,0.569023382,0.581153213,2024450472.78,32605102298.00,2024-08-09T23:59:59.999Z
08-08-2024,00:00:00.000Z,2024-08-08T19:13:00.000Z,2024-08-08T00:46:00.000Z,2781,0.600848538,0.641619381,0.580908005,0.61757735,3502679662.34,34648939841.00,2024-08-08T23:59:59.999Z
07-08-2024,00:00:00.000Z,2024-08-07T21:29:00.000Z,2024-08-07T14:41:00.000Z,2781,0.505691267,0.640818574,0.49423004,0.600809776,4286385926.07,33647087895.00,2024-08-07T23:59:59.999Z
06-08-2024,00:00:00.000Z,2024-08-06T07:49:00.000Z,2024-08-06T00:00:00.000Z,2781,0.489457955,0.518502538,0.489296217,0.50569684,1747524591.64,28318660942.00,2024-08-06T23:59:59.999Z
05-08-2024,00:00:00.000Z,2024-08-05T00:07:00.000Z,2024-08-05T13:31:00.000Z,2781,0.523395781,0.525282781,0.433492034,0.489465843,4193893852.69,27409295016.00,2024-08-05T23:59:59.999Z
04-08-2024,00:00:00.000Z,2024-08-04T04:34:00.000Z,2024-08-04T17:46:00.000Z,2781,0.556389866,0.55830554,0.516428382,0.523396407,1209933394.24,29309788933.00,2024-08-04T23:59:59.999Z
03-08-2024,00:00:00.000Z,2024-08-03T07:39:00.000Z,2024-08-03T20:13:00.000Z,2781,0.560771355,0.576546493,0.542471927,0.5563914,1325726392.55,31157434104.00,2024-08-03T23:59:59.999Z
02-08-2024,00:00:00.000Z,2024-08-02T00:00:00.000Z,2024-08-02T15:29:00.000Z,2781,0.59646317,0.596466023,0.549635588,0.560770562,1884164485.05,31402794356.00,2024-08-02T23:59:59.999Z
01-08-2024,00:00:00.000Z,2024-08-01T00:40:00.000Z,2024-08-01T18:13:00.000Z,2781,0.623934394,0.629433312,0.571883647,0.596463884,1990603912.77,33401510419.00,2024-08-01T23:59:59.999Z
31-07-2024,00:00:00.000Z,2024-07-31T02:46:00.000Z,2024-07-31T23:43:00.000Z,2781,0.627861475,0.65791084,0.623762101,0.62393894,2419022402.95,34915910712.00,2024-07-31T23:59:59.999Z
30-07-2024,00:00:00.000Z,2024-07-30T10:44:00.000Z,2024-07-30T02:37:00.000Z,2781,0.60208376,0.634965066,0.596157404,0.627877451,2197505658.89,35135673614.00,2024-07-30T23:59:59.999Z
29-07-2024,00:00:00.000Z,2024-07-29T08:16:00.000Z,2024-07-29T16:34:00.000Z,2781,0.601944219,0.611412088,0.593300834,0.60208616,1178431460.99,33693130276.00,2024-07-29T23:59:59.999Z
28-07-2024,00:00:00.000Z,2024-07-28T09:10:00.000Z,2024-07-28T00:23:00.000Z,2781,0.596795104,0.612916017,0.592157457,0.601946591,916029261.72,33685321446.00,2024-07-28T23:59:59.999Z
27-07-2024,00:00:00.000Z,2024-07-27T13:49:00.000Z,2024-07-27T20:27:00.000Z,2781,0.604068967,0.60887141,0.586703927,0.596795104,1007994247.02,33397172497.00,2024-07-27T23:59:59.999Z
26-07-2024,00:00:00.000Z,2024-07-26T04:14:00.000Z,2024-07-26T14:53:00.000Z,2781,0.599814119,0.608453828,0.587459382,0.604068173,1385845115.73,33804224175.00,2024-07-26T23:59:59.999Z
25-07-2024,00:00:00.000Z,2024-07-25T12:40:00.000Z,2024-07-25T20:40:00.000Z,2781,0.618851857,0.623824474,0.586938593,0.599816171,2306853708.77,33566119191.00,2024-07-25T23:59:59.999Z
24-07-2024,00:00:00.000Z,2024-07-24T13:50:00.000Z,2024-07-24T00:46:00.000Z,2781,0.59745953,0.63215548,0.592576804,0.618843467,1933084899.09,34599686682.00,2024-07-24T23:59:59.999Z
23-07-2024,00:00:00.000Z,2024-07-23T04:21:00.000Z,2024-07-23T17:02:00.000Z,2781,0.607637075,0.616576362,0.584276395,0.597457051,1657693154.96,33403652749.00,2024-07-23T23:59:59.999Z
22-07-2024,00:00:00.000Z,2024-07-22T19:16:00.000Z,2024-07-22T06:50:00.000Z,2781,0.597479549,0.622663144,0.586667433,0.607637075,2052124201.46,33972674011.00,2024-07-22T23:59:59.999Z
21-07-2024,00:00:00.000Z,2024-07-21T05:13:00.000Z,2024-07-21T18:14:00.000Z,2781,0.594652684,0.607188495,0.575615563,0.597466977,1489477304.65,33404772022.00,2024-07-21T23:59:59.999Z
20-07-2024,00:00:00.000Z,2024-07-20T06:49:00.000Z,2024-07-20T00:30:00.000Z,2781,0.573729313,0.603782059,0.571831696,0.594651438,1538358690.90,33246723442.00,2024-07-20T23:59:59.999Z
19-07-2024,00:00:00.000Z,2024-07-19T17:40:00.000Z,2024-07-19T09:43:00.000Z,2781,0.56960752,0.586011986,0.542638353,0.573752339,2340175055.41,32076908611.00,2024-07-19T23:59:59.999Z
18-07-2024,00:00:00.000Z,2024-07-18T00:19:00.000Z,2024-07-18T16:04:00.000Z,2781,0.626588925,0.635986872,0.560432165,0.569574025,2986711546.65,31844588597.00,2024-07-18T23:59:59.999Z
17-07-2024,00:00:00.000Z,2024-07-17T22:49:00.000Z,2024-07-17T00:00:00.000Z,2781,0.579373385,0.636643537,0.579373385,0.626485691,3708255185.76,35026490365.00,2024-07-17T23:59:59.999Z
16-07-2024,00:00:00.000Z,2024-07-16T17:01:00.000Z,2024-07-16T08:37:00.000Z,2781,0.53775343,0.59252659,0.534283815,0.579375743,3380662320.27,32332260022.00,2024-07-16T23:59:59.999Z
15-07-2024,00:00:00.000Z,2024-07-15T11:05:00.000Z,2024-07-15T00:01:00.000Z,2781,0.522734204,0.539383739,0.521158836,0.537878496,1760362203.89,30016492084.00,2024-07-15T23:59:59.999Z
14-07-2024,00:00:00.000Z,2024-07-14T09:37:00.000Z,2024-07-14T02:53:00.000Z,2781,0.526201096,0.539605329,0.514805763,0.522862784,1570275471.85,29178535176.00,2024-07-14T23:59:59.999Z
13-07-2024,00:00:00.000Z,2024-07-13T19:59:00.000Z,2024-07-13T00:04:00.000Z,2781,0.474720405,0.563579394,0.474401151,0.526328627,2857057879.57,29371947720.00,2024-07-13T23:59:59.999Z
12-07-2024,00:00:00.000Z,2024-07-12T22:28:00.000Z,2024-07-12T01:24:00.000Z,2781,0.449036657,0.477412619,0.445219373,0.474729719,1596389224.22,26492453151.00,2024-07-12T23:59:59.999Z
11-07-2024,00:00:00.000Z,2024-07-11T12:34:00.000Z,2024-07-11T03:22:00.000Z,2781,0.439050653,0.452818913,0.437115055,0.449041034,1102016669.99,25058887331.00,2024-07-11T23:59:59.999Z
10-07-2024,00:00:00.000Z,2024-07-10T10:49:00.000Z,2024-07-10T15:09:00.000Z,2781,0.4358483,0.442404139,0.431749956,0.43903782,967522144.02,24464532455.00,2024-07-10T23:59:59.999Z
09-07-2024,00:00:00.000Z,2024-07-09T08:46:00.000Z,2024-07-09T02:04:00.000Z,2781,0.431430276,0.437425666,0.427949942,0.435916205,986003310.48,24290586540.00,2024-07-09T23:59:59.999Z
08-07-2024,00:00:00.000Z,2024-07-08T12:53:00.000Z,2024-07-08T01:26:00.000Z,2781,0.419802613,0.442062458,0.404670057,0.431480052,1537507457.50,24043390479.00,2024-07-08T23:59:59.999Z
07-07-2024,00:00:00.000Z,2024-07-07T00:00:00.000Z,2024-07-07T23:52:00.000Z,2781,0.449048395,0.449048395,0.418823157,0.41982306,758268409.35,23393827165.00,2024-07-07T23:59:59.999Z
06-07-2024,00:00:00.000Z,2024-07-06T23:29:00.000Z,2024-07-06T00:07:00.000Z,2781,0.425485205,0.449482252,0.42418634,0.449053219,723560144.53,25022621164.00,2024-07-06T23:59:59.999Z
05-07-2024,00:00:00.000Z,2024-07-05T00:00:00.000Z,2024-07-05T03:11:00.000Z,2781,0.433448494,0.433448494,0.391139472,0.425492041,2152542240.89,23709720139.00,2024-07-05T23:59:59.999Z
04-07-2024,00:00:00.000Z,2024-07-04T00:40:00.000Z,2024-07-04T23:43:00.000Z,2781,0.466736592,0.469003804,0.432925301,0.433573501,1521233429.00,24160043856.00,2024-07-04T23:59:59.999Z
03-07-2024,00:00:00.000Z,2024-07-03T00:46:00.000Z,2024-07-03T19:25:00.000Z,2781,0.484535224,0.486022371,0.462589723,0.466760338,1275422799.29,25993102579.00,2024-07-03T23:59:59.999Z
02-07-2024,00:00:00.000Z,2024-07-02T13:13:00.000Z,2024-07-02T01:43:00.000Z,2781,0.476624597,0.487725455,0.475913419,0.484519993,844534842.64,26982108090.00,2024-07-02T23:59:59.999Z
01-07-2024,00:00:00.000Z,2024-07-01T11:04:00.000Z,2024-07-01T00:13:00.000Z,2781,0.47547224,0.482821974,0.475073906,0.476641426,813551774.31,26543363880.00,2024-07-01T23:59:59.999Z
30-06-2024,00:00:00.000Z,2024-06-30T22:43:00.000Z,2024-06-30T02:54:00.000Z,2781,0.471978572,0.477325927,0.469997442,0.475482652,465426275.55,26478833692.00,2024-06-30T23:59:59.999Z
29-06-2024,00:00:00.000Z,2024-06-29T11:49:00.000Z,2024-06-29T00:04:00.000Z,2781,0.470977276,0.476142736,0.470915153,0.471993985,402714114.02,26284555634.00,2024-06-29T23:59:59.999Z
28-06-2024,00:00:00.000Z,2024-06-28T12:40:00.000Z,2024-06-28T18:13:00.000Z,2781,0.474650355,0.480172122,0.470267287,0.470885307,937124567.35,26222815249.00,2024-06-28T23:59:59.999Z
27-06-2024,00:00:00.000Z,2024-06-27T14:16:00.000Z,2024-06-27T07:16:00.000Z,2781,0.469566803,0.47645303,0.465692179,0.474654919,840598295.29,26432738619.00,2024-06-27T23:59:59.999Z
26-06-2024,00:00:00.000Z,2024-06-26T02:19:00.000Z,2024-06-26T17:11:00.000Z,2781,0.475690715,0.477816904,0.466210227,0.469600427,886063357.43,26151262432.00,2024-06-26T23:59:59.999Z
25-06-2024,00:00:00.000Z,2024-06-25T14:31:00.000Z,2024-06-25T00:49:00.000Z,2781,0.474114552,0.479545759,0.473038029,0.475685468,856021182.68,26456762761.00,2024-06-25T23:59:59.999Z
24-06-2024,00:00:00.000Z,2024-06-24T13:37:00.000Z,2024-06-24T20:34:00.000Z,2781,0.47949878,0.481298183,0.463596767,0.474142637,1322556294.02,26370953283.00,2024-06-24T23:59:59.999Z
23-06-2024,00:00:00.000Z,2024-06-23T04:19:00.000Z,2024-06-23T20:37:00.000Z,2781,0.486594435,0.488848422,0.478103927,0.479488589,500633865.78,26668285444.00,2024-06-23T23:59:59.999Z
22-06-2024,00:00:00.000Z,2024-06-22T01:24:00.000Z,2024-06-22T09:09:00.000Z,2781,0.488945794,0.489341846,0.484241653,0.486620511,455648980.05,27064949989.00,2024-06-22T23:59:59.999Z
21-06-2024,00:00:00.000Z,2024-06-21T11:52:00.000Z,2024-06-21T18:09:00.000Z,2781,0.488711511,0.494884008,0.48002837,0.488955573,1131886817.93,27194821929.00,2024-06-21T23:59:59.999Z
20-06-2024,00:00:00.000Z,2024-06-20T11:41:00.000Z,2024-06-20T23:59:00.000Z,2781,0.493241422,0.501285804,0.488716105,0.488716105,1106889108.38,27181503154.00,2024-06-20T23:59:59.999Z
19-06-2024,00:00:00.000Z,2024-06-19T18:37:00.000Z,2024-06-19T08:34:00.000Z,2781,0.490946458,0.499169106,0.487991493,0.493241422,1001252677.69,27409654567.00,2024-06-19T23:59:59.999Z
18-06-2024,00:00:00.000Z,2024-06-18T08:52:00.000Z,2024-06-18T19:49:00.000Z,2781,0.505049144,0.507802902,0.477283176,0.490948453,2024283446.61,27282233200.00,2024-06-18T23:59:59.999Z
17-06-2024,00:00:00.000Z,2024-06-17T15:12:00.000Z,2024-06-17T07:19:00.000Z,2781,0.488813658,0.519142342,0.484668365,0.50515981,2028523218.45,28071964918.00,2024-06-17T23:59:59.999Z
16-06-2024,00:00:00.000Z,2024-06-16T10:44:00.000Z,2024-06-16T18:05:00.000Z,2781,0.490694843,0.49862665,0.488062436,0.488832078,692035447.03,27164625234.00,2024-06-16T23:59:59.999Z
15-06-2024,00:00:00.000Z,2024-06-15T19:40:00.000Z,2024-06-15T00:02:00.000Z,2781,0.47427373,0.503859111,0.474226714,0.490690689,770448136.79,27267909137.00,2024-06-15T23:59:59.999Z
14-06-2024,00:00:00.000Z,2024-06-14T05:40:00.000Z,2024-06-14T16:10:00.000Z,2781,0.476978716,0.480751862,0.464684832,0.474275017,1220484175.73,26355682620.00,2024-06-14T23:59:59.999Z
13-06-2024,00:00:00.000Z,2024-06-13T00:00:00.000Z,2024-06-13T21:28:00.000Z,2781,0.491558424,0.491558424,0.476325993,0.477004559,1048059803.53,26507364563.00,2024-06-13T23:59:59.999Z
12-06-2024,00:00:00.000Z,2024-06-12T16:19:00.000Z,2024-06-12T01:49:00.000Z,2781,0.480302624,0.497531855,0.475139284,0.491540018,1255729793.63,27283498128.00,2024-06-12T23:59:59.999Z
11-06-2024,00:00:00.000Z,2024-06-11T00:02:00.000Z,2024-06-11T17:29:00.000Z,2781,0.496627377,0.496648187,0.47264798,0.480319606,1517249423.56,26660696141.00,2024-06-11T23:59:59.999Z
10-06-2024,00:00:00.000Z,2024-06-10T15:58:00.000Z,2024-06-10T08:01:00.000Z,2781,0.498602436,0.505165661,0.494091683,0.496627855,1117710952.30,27565904379.00,2024-06-10T23:59:59.999Z
09-06-2024,00:00:00.000Z,2024-06-09T22:27:00.000Z,2024-06-09T02:42:00.000Z,2781,0.493137007,0.49902932,0.491800189,0.498582805,635952947.96,27674416130.00,2024-06-09T23:59:59.999Z
08-06-2024,00:00:00.000Z,2024-06-08T07:46:00.000Z,2024-06-08T17:37:00.000Z,2781,0.498946024,0.500502327,0.491344201,0.493145316,825177679.18,27372602017.00,2024-06-08T23:59:59.999Z
07-06-2024,00:00:00.000Z,2024-06-07T12:04:00.000Z,2024-06-07T18:16:00.000Z,2781,0.521575817,0.527467043,0.463600858,0.49895111,2462659926.32,27694859364.00,2024-06-07T23:59:59.999Z
06-06-2024,00:00:00.000Z,2024-06-06T15:11:00.000Z,2024-06-06T20:04:00.000Z,2781,0.525706299,0.527604159,0.517547293,0.521578221,1194300808.01,28950669900.00,2024-06-06T23:59:59.999Z
05-06-2024,00:00:00.000Z,2024-06-05T08:22:00.000Z,2024-06-05T05:11:00.000Z,2781,0.525764551,0.530664073,0.524651122,0.525710512,1154026310.31,29150602971.00,2024-06-05T23:59:59.999Z
04-06-2024,00:00:00.000Z,2024-06-04T16:04:00.000Z,2024-06-04T07:49:00.000Z,2781,0.520099762,0.530039202,0.5185188,0.525764551,1165207605.35,29153833056.00,2024-06-04T23:59:59.999Z
03-06-2024,00:00:00.000Z,2024-06-03T13:52:00.000Z,2024-06-03T00:41:00.000Z,2781,0.513475586,0.52248333,0.513034226,0.520099762,1098641925.69,28839718483.00,2024-06-03T23:59:59.999Z
02-06-2024,00:00:00.000Z,2024-06-02T14:31:00.000Z,2024-06-02T18:07:00.000Z,2781,0.518313053,0.519413984,0.509286645,0.513481647,738754247.39,28472741617.00,2024-06-02T23:59:59.999Z
01-06-2024,00:00:00.000Z,2024-06-01T14:30:00.000Z,2024-06-01T00:03:00.000Z,2781,0.51780002,0.521260798,0.517507106,0.518312973,559721132.07,28740644837.00,2024-06-01T23:59:59.999Z
31-05-2024,00:00:00.000Z,2024-05-31T15:04:00.000Z,2024-05-31T16:22:00.000Z,2781,0.518861187,0.524081606,0.512681574,0.51780002,1220311835.61,28712196971.00,2024-05-31T23:59:59.999Z
30-05-2024,00:00:00.000Z,2024-05-30T04:34:00.000Z,2024-05-30T08:14:00.000Z,2781,0.523248771,0.527337429,0.513637268,0.518861187,1329469468.98,28771039049.00,2024-05-30T23:59:59.999Z
29-05-2024,00:00:00.000Z,2024-05-29T11:28:00.000Z,2024-05-29T21:13:00.000Z,2781,0.52823414,0.532093553,0.520095659,0.523248429,1184420624.19,29003909345.00,2024-05-29T23:59:59.999Z
28-05-2024,00:00:00.000Z,2024-05-28T01:42:00.000Z,2024-05-28T04:37:00.000Z,2781,0.533772225,0.534572408,0.521591676,0.528234779,1141481356.90,29280269685.00,2024-05-28T23:59:59.999Z
27-05-2024,00:00:00.000Z,2024-05-27T16:14:00.000Z,2024-05-27T07:31:00.000Z,2781,0.528211455,0.539929645,0.523768571,0.533771915,1013292525.89,29587231203.00,2024-05-27T23:59:59.999Z
26-05-2024,00:00:00.000Z,2024-05-26T00:00:00.000Z,2024-05-26T21:50:00.000Z,2781,0.54180824,0.541834819,0.526602459,0.528211455,579619778.84,29279012242.00,2024-05-26T23:59:59.999Z
25-05-2024,00:00:00.000Z,2024-05-25T21:16:00.000Z,2024-05-25T03:19:00.000Z,2781,0.535748643,0.54231935,0.533508291,0.541808847,652679509.34,30032688498.00,2024-05-25T23:59:59.999Z
24-05-2024,00:00:00.000Z,2024-05-24T15:13:00.000Z,2024-05-24T07:09:00.000Z,2781,0.528285933,0.536729789,0.517872455,0.535753137,1232280844.79,29696802162.00,2024-05-24T23:59:59.999Z
23-05-2024,00:00:00.000Z,2024-05-23T13:51:00.000Z,2024-05-23T20:08:00.000Z,2781,0.52651039,0.539207125,0.509390698,0.528285933,2188558788.12,29283140599.00,2024-05-23T23:59:59.999Z
22-05-2024,00:00:00.000Z,2024-05-22T08:22:00.000Z,2024-05-22T21:16:00.000Z,2781,0.536982757,0.537688259,0.523691907,0.526510455,1205640256.84,29110207194.00,2024-05-22T23:59:59.999Z
21-05-2024,00:00:00.000Z,2024-05-21T15:16:00.000Z,2024-05-21T21:43:00.000Z,2781,0.537327056,0.556117861,0.532230335,0.536982516,1977024521.30,29689213366.00,2024-05-21T23:59:59.999Z
20-05-2024,00:00:00.000Z,2024-05-20T23:59:00.000Z,2024-05-20T01:35:00.000Z,2781,0.509661427,0.537333375,0.507495974,0.537333375,1401702874.14,29708249295.00,2024-05-20T23:59:59.999Z
19-05-2024,00:00:00.000Z,2024-05-19T02:50:00.000Z,2024-05-19T19:58:00.000Z,2781,0.521390943,0.523536528,0.507456849,0.509661427,562911149.34,28178645675.00,2024-05-19T23:59:59.999Z
18-05-2024,00:00:00.000Z,2024-05-18T10:31:00.000Z,2024-05-18T14:05:00.000Z,2781,0.523804158,0.525628457,0.51951962,0.521390447,496850724.70,28827158334.00,2024-05-18T23:59:59.999Z
17-05-2024,00:00:00.000Z,2024-05-17T16:25:00.000Z,2024-05-17T01:22:00.000Z,2781,0.515698994,0.528869798,0.513998231,0.523803899,1015239691.67,28960582435.00,2024-05-17T23:59:59.999Z
16-05-2024,00:00:00.000Z,2024-05-16T08:04:00.000Z,2024-05-16T14:58:00.000Z,2781,0.519011503,0.521330562,0.513103914,0.515698333,1152212983.27,28512456433.00,2024-05-16T23:59:59.999Z
15-05-2024,00:00:00.000Z,2024-05-15T20:11:00.000Z,2024-05-15T00:49:00.000Z,2781,0.499888627,0.519620808,0.49744959,0.519003698,1118098628.07,28732049377.00,2024-05-15T23:59:59.999Z
14-05-2024,00:00:00.000Z,2024-05-14T15:43:00.000Z,2024-05-14T06:22:00.000Z,2781,0.504901734,0.511356397,0.497827722,0.499887332,1077455413.01,27673422669.00,2024-05-14T23:59:59.999Z
13-05-2024,00:00:00.000Z,2024-05-13T16:28:00.000Z,2024-05-13T03:16:00.000Z,2781,0.499475422,0.511674282,0.487919006,0.504901734,991525777.63,27950944187.00,2024-05-13T23:59:59.999Z
12-05-2024,00:00:00.000Z,2024-05-12T04:59:00.000Z,2024-05-12T21:28:00.000Z,2781,0.505975883,0.508588347,0.497447251,0.499475422,397026846.27,27650548006.00,2024-05-12T23:59:59.999Z
11-05-2024,00:00:00.000Z,2024-05-11T16:38:00.000Z,2024-05-11T11:19:00.000Z,2781,0.502338152,0.507302777,0.501129972,0.505974745,447992708.07,28010408188.00,2024-05-11T23:59:59.999Z
10-05-2024,00:00:00.000Z,2024-05-10T00:00:00.000Z,2024-05-10T16:07:00.000Z,2781,0.521031101,0.521059405,0.498795533,0.502337569,1100350622.98,27809026381.00,2024-05-10T23:59:59.999Z
09-05-2024,00:00:00.000Z,2024-05-09T06:16:00.000Z,2024-05-09T13:47:00.000Z,2781,0.517223819,0.523269636,0.509924685,0.52102869,978009517.63,28843852660.00,2024-05-09T23:59:59.999Z
08-05-2024,00:00:00.000Z,2024-05-08T16:35:00.000Z,2024-05-08T23:35:00.000Z,2781,0.524744473,0.529060197,0.515714558,0.51722966,1122168970.74,28633084637.00,2024-05-08T23:59:59.999Z
07-05-2024,00:00:00.000Z,2024-05-07T03:13:00.000Z,2024-05-07T23:17:00.000Z,2781,0.540547947,0.543842094,0.522961223,0.524744014,1132990207.36,28984740151.00,2024-05-07T23:59:59.999Z
06-05-2024,00:00:00.000Z,2024-05-06T17:22:00.000Z,2024-05-06T12:57:00.000Z,2781,0.529788573,0.568880544,0.526610427,0.540547201,1774389099.85,29857659477.00,2024-05-06T23:59:59.999Z
05-05-2024,00:00:00.000Z,2024-05-05T16:19:00.000Z,2024-05-05T01:45:00.000Z,2781,0.530404825,0.533185755,0.524790936,0.529783876,535784827.02,29263355596.00,2024-05-05T23:59:59.999Z
04-05-2024,00:00:00.000Z,2024-05-04T13:14:00.000Z,2024-05-04T08:01:00.000Z,2781,0.5318933,0.540141316,0.528088827,0.530404745,686389981.55,29297390418.00,2024-05-04T23:59:59.999Z
03-05-2024,00:00:00.000Z,2024-05-03T20:52:00.000Z,2024-05-03T11:10:00.000Z,2781,0.518329377,0.536512851,0.515194167,0.531894196,1138445189.73,29379612126.00,2024-05-03T23:59:59.999Z
02-05-2024,00:00:00.000Z,2024-05-02T20:15:00.000Z,2024-05-02T06:43:00.000Z,2781,0.516997054,0.524334679,0.506693287,0.518329377,1118497653.70,28630396467.00,2024-05-02T23:59:59.999Z
01-05-2024,00:00:00.000Z,2024-05-01T19:28:00.000Z,2024-05-01T08:25:00.000Z,2781,0.500062278,0.520167673,0.480207582,0.517000058,1720060134.03,28620531114.00,2024-05-01T23:59:59.999Z
30-04-2024,00:00:00.000Z,2024-04-30T00:55:00.000Z,2024-04-30T16:28:00.000Z,2781,0.515433729,0.519230361,0.490493216,0.500064963,1347490378.75,27621396541.00,2024-04-30T23:59:59.999Z
29-04-2024,00:00:00.000Z,2024-04-29T19:21:00.000Z,2024-04-29T06:37:00.000Z,2781,0.510375424,0.517127916,0.499646947,0.51543193,1143210747.75,28470353298.00,2024-04-29T23:59:59.999Z
28-04-2024,00:00:00.000Z,2024-04-28T07:18:00.000Z,2024-04-28T23:42:00.000Z,2781,0.51777504,0.52462588,0.509455048,0.510376999,580872465.54,28191052606.00,2024-04-28T23:59:59.999Z
27-04-2024,00:00:00.000Z,2024-04-27T00:17:00.000Z,2024-04-27T01:20:00.000Z,2781,0.526111358,0.526211176,0.510422789,0.51777504,753955067.38,28599777155.00,2024-04-27T23:59:59.999Z
26-04-2024,00:00:00.000Z,2024-04-26T05:59:00.000Z,2024-04-26T15:27:00.000Z,2781,0.525513758,0.535510583,0.516151405,0.526112166,1158982887.34,29060241304.00,2024-04-26T23:59:59.999Z
25-04-2024,00:00:00.000Z,2024-04-25T21:37:00.000Z,2024-04-25T12:52:00.000Z,2781,0.527407686,0.532255676,0.514168666,0.525512107,1286617506.64,28971123639.00,2024-04-25T23:59:59.999Z
24-04-2024,00:00:00.000Z,2024-04-24T08:22:00.000Z,2024-04-24T23:07:00.000Z,2781,0.545154645,0.551619835,0.522068796,0.52740406,1534036869.78,29075334395.00,2024-04-24T23:59:59.999Z
23-04-2024,00:00:00.000Z,2024-04-23T00:21:00.000Z,2024-04-23T11:40:00.000Z,2781,0.556829095,0.557187173,0.543006245,0.545158754,1351313210.40,30053908921.00,2024-04-23T23:59:59.999Z
22-04-2024,00:00:00.000Z,2024-04-22T20:52:00.000Z,2024-04-22T00:43:00.000Z,2781,0.524676299,0.569130037,0.523283369,0.556833005,1671344072.00,30697511364.00,2024-04-22T23:59:59.999Z
21-04-2024,00:00:00.000Z,2024-04-21T08:26:00.000Z,2024-04-21T16:43:00.000Z,2781,0.52929163,0.536610262,0.520442906,0.524680148,896875432.55,28924955276.00,2024-04-21T23:59:59.999Z
20-04-2024,00:00:00.000Z,2024-04-20T18:08:00.000Z,2024-04-20T01:07:00.000Z,2781,0.503786397,0.529885921,0.499478061,0.529293019,1237297113.95,29179394497.00,2024-04-20T23:59:59.999Z
19-04-2024,00:00:00.000Z,2024-04-19T22:10:00.000Z,2024-04-19T02:31:00.000Z,2781,0.502982631,0.510698095,0.469006715,0.503786397,2145715370.55,27773312845.00,2024-04-19T23:59:59.999Z
18-04-2024,00:00:00.000Z,2024-04-18T15:12:00.000Z,2024-04-18T08:29:00.000Z,2781,0.494840204,0.504753937,0.486950977,0.502982631,1420648262.96,27729001886.00,2024-04-18T23:59:59.999Z
17-04-2024,00:00:00.000Z,2024-04-17T07:47:00.000Z,2024-04-17T16:08:00.000Z,2781,0.496699078,0.506580095,0.474797817,0.494840978,1791966493.42,27275540175.00,2024-04-17T23:59:59.999Z
16-04-2024,00:00:00.000Z,2024-04-16T07:41:00.000Z,2024-04-16T04:47:00.000Z,2781,0.497728998,0.500989909,0.479264512,0.496694755,1913160798.05,27378001120.00,2024-04-16T23:59:59.999Z
15-04-2024,00:00:00.000Z,2024-04-15T11:06:00.000Z,2024-04-15T19:08:00.000Z,2781,0.504250199,0.519065045,0.4834859,0.497731194,2356318423.24,27434770195.00,2024-04-15T23:59:59.999Z
14-04-2024,00:00:00.000Z,2024-04-14T23:31:00.000Z,2024-04-14T03:16:00.000Z,2781,0.480818857,0.50745851,0.466817534,0.504258404,2824792032.92,27794218119.00,2024-04-14T23:59:59.999Z
13-04-2024,00:00:00.000Z,2024-04-13T04:54:00.000Z,2024-04-13T21:01:00.000Z,2781,0.548412373,0.548838243,0.433634225,0.480818857,3957442554.75,26502684973.00,2024-04-13T23:59:59.999Z
12-04-2024,00:00:00.000Z,2024-04-12T07:26:00.000Z,2024-04-12T18:40:00.000Z,2781,0.60888017,0.615305395,0.518316209,0.548413824,2872824835.21,30228432511.00,2024-04-12T23:59:59.999Z
11-04-2024,00:00:00.000Z,2024-04-11T07:29:00.000Z,2024-04-11T16:41:00.000Z,2781,0.617559233,0.620888672,0.603658118,0.60888017,1218887359.83,33519796796.00,2024-04-11T23:59:59.999Z
10-04-2024,00:00:00.000Z,2024-04-10T18:56:00.000Z,2024-04-10T12:41:00.000Z,2781,0.613825572,0.619697133,0.598687513,0.617561303,2345474173.12,33997592691.00,2024-04-10T23:59:59.999Z
09-04-2024,00:00:00.000Z,2024-04-09T12:10:00.000Z,2024-04-09T08:13:00.000Z,2781,0.615490339,0.641257769,0.602452052,0.61381708,2423935495.74,33792048850.00,2024-04-09T23:59:59.999Z
08-04-2024,00:00:00.000Z,2024-04-08T18:47:00.000Z,2024-04-08T03:13:00.000Z,2781,0.594835176,0.626039189,0.589102801,0.615490339,2016910257.75,33883696855.00,2024-04-08T23:59:59.999Z
07-04-2024,00:00:00.000Z,2024-04-07T14:59:00.000Z,2024-04-07T22:07:00.000Z,2781,0.593341178,0.601742488,0.590472428,0.594833626,924956308.50,32746598127.00,2024-04-07T23:59:59.999Z
06-04-2024,00:00:00.000Z,2024-04-06T23:10:00.000Z,2024-04-06T00:15:00.000Z,2781,0.587522927,0.598190752,0.586294358,0.593340227,871610028.88,32664351210.00,2024-04-06T23:59:59.999Z
05-04-2024,00:00:00.000Z,2024-04-05T00:17:00.000Z,2024-04-05T12:38:00.000Z,2781,0.593656106,0.593697754,0.570315609,0.587522927,1534570774.72,32344047477.00,2024-04-05T23:59:59.999Z
04-04-2024,00:00:00.000Z,2024-04-04T13:11:00.000Z,2024-04-04T04:27:00.000Z,2781,0.574892322,0.61377983,0.56356972,0.593656106,2190487089.87,32681688462.00,2024-04-04T23:59:59.999Z
03-04-2024,00:00:00.000Z,2024-04-03T09:49:00.000Z,2024-04-03T21:10:00.000Z,2781,0.585460883,0.592831339,0.568094656,0.574916796,1649286698.75,31585963980.00,2024-04-03T23:59:59.999Z
02-04-2024,00:00:00.000Z,2024-04-02T01:53:00.000Z,2024-04-02T13:37:00.000Z,2781,0.611258024,0.617738427,0.58048545,0.585466074,2172750437.27,32166626109.00,2024-04-02T23:59:59.999Z
01-04-2024,00:00:00.000Z,2024-04-01T00:31:00.000Z,2024-04-01T15:14:00.000Z,2781,0.629225491,0.632035763,0.597299891,0.611258024,1772433656.37,33583982917.00,2024-04-01T23:59:59.999Z
31-03-2024,00:00:00.000Z,2024-03-31T18:50:00.000Z,2024-03-31T00:06:00.000Z,2781,0.621835948,0.629762846,0.62121435,0.629225491,756039150.67,34571158666.00,2024-03-31T23:59:59.999Z
30-03-2024,00:00:00.000Z,2024-03-30T14:49:00.000Z,2024-03-30T23:31:00.000Z,2781,0.630753003,0.636455501,0.618905127,0.621835948,1042947263.30,34165159479.00,2024-03-30T23:59:59.999Z
29-03-2024,00:00:00.000Z,2024-03-29T14:22:00.000Z,2024-03-29T08:00:00.000Z,2781,0.624570369,0.643995129,0.610470151,0.630749873,1874392965.95,34655083858.00,2024-03-29T23:59:59.999Z
28-03-2024,00:00:00.000Z,2024-03-28T16:55:00.000Z,2024-03-28T02:47:00.000Z,2781,0.611949062,0.636446803,0.604836672,0.624554189,1783253508.34,34279071179.00,2024-03-28T23:59:59.999Z
27-03-2024,00:00:00.000Z,2024-03-27T01:16:00.000Z,2024-03-27T14:14:00.000Z,2781,0.632252847,0.634468163,0.608322218,0.611964177,1989187554.75,33586360333.00,2024-03-27T23:59:59.999Z
26-03-2024,00:00:00.000Z,2024-03-26T07:31:00.000Z,2024-03-26T16:47:00.000Z,2781,0.641033688,0.652814045,0.627026025,0.632252847,1799059517.39,34700718161.00,2024-03-26T23:59:59.999Z
25-03-2024,00:00:00.000Z,2024-03-25T19:38:00.000Z,2024-03-25T11:55:00.000Z,2781,0.632953333,0.659296493,0.627339066,0.641033688,2044948880.29,35182647987.00,2024-03-25T23:59:59.999Z
24-03-2024,00:00:00.000Z,2024-03-24T23:28:00.000Z,2024-03-24T04:29:00.000Z,2781,0.617608207,0.635600969,0.614912088,0.632949853,1230486577.52,34739163805.00,2024-03-24T23:59:59.999Z
23-03-2024,00:00:00.000Z,2024-03-23T14:22:00.000Z,2024-03-23T03:38:00.000Z,2781,0.61094802,0.632407469,0.605779576,0.617596206,1160450696.08,33896958205.00,2024-03-23T23:59:59.999Z
22-03-2024,00:00:00.000Z,2024-03-22T00:18:00.000Z,2024-03-22T14:28:00.000Z,2781,0.640695056,0.644345241,0.60040502,0.610949416,2053036282.09,33531418924.00,2024-03-22T23:59:59.999Z
21-03-2024,00:00:00.000Z,2024-03-21T15:34:00.000Z,2024-03-21T05:23:00.000Z,2781,0.612168461,0.653521384,0.599408485,0.640691476,2809003716.88,35164062437.00,2024-03-21T23:59:59.999Z
20-03-2024,00:00:00.000Z,2024-03-20T20:40:00.000Z,2024-03-20T05:28:00.000Z,2781,0.584440709,0.618565734,0.570874322,0.612162397,2741181693.41,33598401857.00,2024-03-20T23:59:59.999Z
19-03-2024,00:00:00.000Z,2024-03-19T00:00:00.000Z,2024-03-19T09:14:00.000Z,2781,0.647566113,0.647566113,0.572940743,0.584440709,3571952543.13,32027461423.00,2024-03-19T23:59:59.999Z
18-03-2024,00:00:00.000Z,2024-03-18T23:39:00.000Z,2024-03-18T17:10:00.000Z,2781,0.619231783,0.664226657,0.595758282,0.647565219,2767146303.17,35486745524.00,2024-03-18T23:59:59.999Z
17-03-2024,00:00:00.000Z,2024-03-17T22:46:00.000Z,2024-03-17T07:24:00.000Z,2781,0.603060326,0.624360467,0.589597725,0.619231783,1826991062.31,33934018894.00,2024-03-17T23:59:59.999Z
16-03-2024,00:00:00.000Z,2024-03-16T01:43:00.000Z,2024-03-16T23:19:00.000Z,2781,0.63373185,0.643148858,0.594734729,0.603060326,2237388469.68,33047819976.00,2024-03-16T23:59:59.999Z
15-03-2024,00:00:00.000Z,2024-03-15T00:43:00.000Z,2024-03-15T09:15:00.000Z,2781,0.669961152,0.674156416,0.602588215,0.633736668,3656774482.71,34728625301.00,2024-03-15T23:59:59.999Z
14-03-2024,00:00:00.000Z,2024-03-14T09:54:00.000Z,2024-03-14T19:45:00.000Z,2781,0.690954663,0.704806668,0.643818256,0.669966651,3428582152.46,36713997873.00,2024-03-14T23:59:59.999Z
13-03-2024,00:00:00.000Z,2024-03-13T05:25:00.000Z,2024-03-13T15:09:00.000Z,2781,0.688211517,0.702093209,0.67270165,0.69095,2398788495.10,37820664947.00,2024-03-13T23:59:59.999Z
12-03-2024,00:00:00.000Z,2024-03-12T00:13:00.000Z,2024-03-12T17:24:00.000Z,2781,0.718035698,0.730549404,0.665949425,0.688209026,4163275980.15,37670513816.00,2024-03-12T23:59:59.999Z
11-03-2024,00:00:00.000Z,2024-03-11T18:36:00.000Z,2024-03-11T00:55:00.000Z,2781,0.60841624,0.742125893,0.593282607,0.718035698,6790039282.79,39302994839.00,2024-03-11T23:59:59.999Z
10-03-2024,00:00:00.000Z,2024-03-10T08:08:00.000Z,2024-03-10T22:58:00.000Z,2781,0.621805447,0.628317483,0.598536254,0.608432228,1510773122.75,33302773671.00,2024-03-10T23:59:59.999Z
09-03-2024,00:00:00.000Z,2024-03-09T07:10:00.000Z,2024-03-09T10:29:00.000Z,2781,0.621954416,0.633322753,0.618733626,0.621805165,1571098761.54,34035656353.00,2024-03-09T23:59:59.999Z
08-03-2024,00:00:00.000Z,2024-03-08T01:12:00.000Z,2024-03-08T16:16:00.000Z,2781,0.628608315,0.634283356,0.604844288,0.621955023,2164877115.42,34043810479.00,2024-03-08T23:59:59.999Z
07-03-2024,00:00:00.000Z,2024-03-07T20:50:00.000Z,2024-03-07T00:31:00.000Z,2781,0.612265525,0.639719182,0.608370227,0.62862365,2529220366.44,34362264619.00,2024-03-07T23:59:59.999Z
06-03-2024,00:00:00.000Z,2024-03-06T08:36:00.000Z,2024-03-06T03:01:00.000Z,2781,0.592880427,0.62289655,0.576444112,0.612252846,2755184859.55,33468901812.00,2024-03-06T23:59:59.999Z
05-03-2024,00:00:00.000Z,2024-03-05T02:11:00.000Z,2024-03-05T19:59:00.000Z,2781,0.649814604,0.66851023,0.550235346,0.592900819,5014326043.10,32409234192.00,2024-03-05T23:59:59.999Z
04-03-2024,00:00:00.000Z,2024-03-04T15:52:00.000Z,2024-03-04T00:53:00.000Z,2781,0.627168286,0.66418136,0.621605428,0.650133034,3629204334.36,35538892484.00,2024-03-04T23:59:59.999Z
03-03-2024,00:00:00.000Z,2024-03-03T00:00:00.000Z,2024-03-03T07:34:00.000Z,2781,0.644846,0.644846,0.602469994,0.627071901,2060336711.30,34278278017.00,2024-03-03T23:59:59.999Z
02-03-2024,00:00:00.000Z,2024-03-02T12:17:00.000Z,2024-03-02T00:08:00.000Z,2781,0.601917245,0.649514046,0.600777242,0.644851182,2956033333.74,35250165206.00,2024-03-02T23:59:59.999Z
01-03-2024,00:00:00.000Z,2024-03-01T23:25:00.000Z,2024-03-01T08:10:00.000Z,2781,0.586243165,0.603187633,0.584005996,0.601889841,1739419651.07,32901725094.00,2024-03-01T23:59:59.999Z
29-02-2024,00:00:00.000Z,2024-02-29T16:22:00.000Z,2024-02-29T00:16:00.000Z,2781,0.575783826,0.624382772,0.569153783,0.586324718,3647028817.01,32009956698.00,2024-02-29T23:59:59.999Z
28-02-2024,00:00:00.000Z,2024-02-28T17:07:00.000Z,2024-02-28T17:34:00.000Z,2781,0.586251504,0.605204641,0.54368849,0.575810723,3080912384.39,31435953068.00,2024-02-28T23:59:59.999Z
27-02-2024,00:00:00.000Z,2024-02-27T19:44:00.000Z,2024-02-27T00:44:00.000Z,2781,0.55140469,0.596064994,0.548169631,0.586258148,2360919082.38,32006322374.00,2024-02-27T23:59:59.999Z
26-02-2024,00:00:00.000Z,2024-02-26T22:23:00.000Z,2024-02-26T12:14:00.000Z,2781,0.54243578,0.552444009,0.529232767,0.55140469,1154518101.22,30103524035.00,2024-02-26T23:59:59.999Z
25-02-2024,00:00:00.000Z,2024-02-25T08:35:00.000Z,2024-02-25T23:23:00.000Z,2781,0.545113577,0.548400145,0.542346194,0.542424735,702442509.45,29613270171.00,2024-02-25T23:59:59.999Z
24-02-2024,00:00:00.000Z,2024-02-24T17:50:00.000Z,2024-02-24T02:03:00.000Z,2781,0.534535576,0.54770665,0.531911373,0.545118145,706533507.40,29760314824.00,2024-02-24T23:59:59.999Z
23-02-2024,00:00:00.000Z,2024-02-23T00:55:00.000Z,2024-02-23T16:08:00.000Z,2781,0.540872524,0.543294135,0.526709743,0.534534094,1098846026.66,29182486551.00,2024-02-23T23:59:59.999Z
22-02-2024,00:00:00.000Z,2024-02-22T20:43:00.000Z,2024-02-22T13:51:00.000Z,2781,0.549002035,0.550961843,0.537800088,0.540914384,1169167858.59,29511530687.00,2024-02-22T23:59:59.999Z
21-02-2024,00:00:00.000Z,2024-02-21T00:00:00.000Z,2024-02-21T10:13:00.000Z,2781,0.56287922,0.56287922,0.534422901,0.549004,1336498048.91,29952888788.00,2024-02-21T23:59:59.999Z
20-02-2024,00:00:00.000Z,2024-02-20T13:38:00.000Z,2024-02-20T17:30:00.000Z,2781,0.562590358,0.574464207,0.546572414,0.56292206,1777533546.79,30712238626.00,2024-02-20T23:59:59.999Z
19-02-2024,00:00:00.000Z,2024-02-19T22:12:00.000Z,2024-02-19T17:17:00.000Z,2781,0.556920619,0.567299788,0.55508285,0.562597165,1108245167.06,30694512830.00,2024-02-19T23:59:59.999Z
18-02-2024,00:00:00.000Z,2024-02-18T17:41:00.000Z,2024-02-18T03:20:00.000Z,2781,0.549884771,0.56219586,0.547985661,0.556903076,689299496.74,30383851331.00,2024-02-18T23:59:59.999Z
17-02-2024,00:00:00.000Z,2024-02-17T00:50:00.000Z,2024-02-17T14:50:00.000Z,2781,0.564959943,0.565612207,0.541114486,0.54988627,911234746.19,30001024226.00,2024-02-17T23:59:59.999Z
16-02-2024,00:00:00.000Z,2024-02-16T04:02:00.000Z,2024-02-16T15:17:00.000Z,2781,0.562780977,0.578459975,0.555235051,0.564959782,1505352931.84,30823413931.00,2024-02-16T23:59:59.999Z
15-02-2024,00:00:00.000Z,2024-02-15T21:38:00.000Z,2024-02-15T00:00:00.000Z,2781,0.538396363,0.573847612,0.538396363,0.562755038,1877470521.69,30703126152.00,2024-02-15T23:59:59.999Z
14-02-2024,00:00:00.000Z,2024-02-14T22:27:00.000Z,2024-02-14T00:43:00.000Z,2781,0.524817649,0.541882324,0.520974164,0.538400819,1156449388.81,29346596794.00,2024-02-14T23:59:59.999Z
13-02-2024,00:00:00.000Z,2024-02-13T00:18:00.000Z,2024-02-13T14:25:00.000Z,2781,0.531887293,0.533537653,0.516313104,0.524835402,1023754838.57,28607187066.00,2024-02-13T23:59:59.999Z
12-02-2024,00:00:00.000Z,2024-02-12T18:20:00.000Z,2024-02-12T11:26:00.000Z,2781,0.526102024,0.536980791,0.514892736,0.531896988,1028191903.04,28992092732.00,2024-02-12T23:59:59.999Z
11-02-2024,00:00:00.000Z,2024-02-11T09:40:00.000Z,2024-02-11T00:20:00.000Z,2781,0.524092985,0.535335308,0.522091483,0.526084303,715511550.34,28675260873.00,2024-02-11T23:59:59.999Z
10-02-2024,00:00:00.000Z,2024-02-10T03:29:00.000Z,2024-02-10T10:56:00.000Z,2781,0.526031682,0.52818815,0.519449675,0.524111652,578419105.48,28567737643.00,2024-02-10T23:59:59.999Z
09-02-2024,00:00:00.000Z,2024-02-09T21:56:00.000Z,2024-02-09T00:47:00.000Z,2781,0.514515844,0.528077838,0.514201894,0.526031225,1032596975.31,28672367762.00,2024-02-09T23:59:59.999Z
08-02-2024,00:00:00.000Z,2024-02-08T15:34:00.000Z,2024-02-08T06:17:00.000Z,2781,0.513779907,0.51848024,0.510284162,0.514529236,902244430.98,28009011693.00,2024-02-08T23:59:59.999Z
07-02-2024,00:00:00.000Z,2024-02-07T22:31:00.000Z,2024-02-07T08:41:00.000Z,2781,0.505141602,0.514523824,0.499443074,0.513789223,895523746.85,27968728225.00,2024-02-07T23:59:59.999Z
06-02-2024,00:00:00.000Z,2024-02-06T20:11:00.000Z,2024-02-06T12:55:00.000Z,2781,0.506236668,0.51044281,0.498910009,0.505153313,767495085.75,27498622162.00,2024-02-06T23:59:59.999Z
05-02-2024,00:00:00.000Z,2024-02-05T17:41:00.000Z,2024-02-05T01:16:00.000Z,2781,0.503243586,0.512890019,0.498232598,0.506244291,831962506.38,27558010858.00,2024-02-05T23:59:59.999Z
04-02-2024,00:00:00.000Z,2024-02-04T02:34:00.000Z,2024-02-04T22:43:00.000Z,2781,0.518884481,0.518971477,0.5021026,0.503288192,538479550.96,27397092102.00,2024-02-04T23:59:59.999Z
03-02-2024,00:00:00.000Z,2024-02-03T11:41:00.000Z,2024-02-03T02:56:00.000Z,2781,0.510398138,0.525740265,0.506030765,0.518939029,861729960.28,28249064026.00,2024-02-03T23:59:59.999Z
02-02-2024,00:00:00.000Z,2024-02-02T22:33:00.000Z,2024-02-02T14:28:00.000Z,2781,0.505860364,0.513273542,0.499172511,0.51041245,927836204.84,27784909546.00,2024-02-02T23:59:59.999Z
01-02-2024,00:00:00.000Z,2024-02-01T19:53:00.000Z,2024-02-01T08:26:00.000Z,2781,0.503176202,0.510099285,0.490346737,0.505859494,1004296108.65,27537063982.00,2024-02-01T23:59:59.999Z
31-01-2024,00:00:00.000Z,2024-01-31T06:23:00.000Z,2024-01-31T14:08:00.000Z,2781,0.510680884,0.513754121,0.494542073,0.503192697,1339066820.21,27360857440.00,2024-01-31T23:59:59.999Z
30-01-2024,00:00:00.000Z,2024-01-30T02:43:00.000Z,2024-01-30T21:11:00.000Z,2781,0.535132598,0.538703739,0.508638401,0.510698085,1673319214.11,27768959278.00,2024-01-30T23:59:59.999Z
29-01-2024,00:00:00.000Z,2024-01-29T22:32:00.000Z,2024-01-29T14:56:00.000Z,2781,0.524088372,0.539576988,0.520635429,0.535090456,901992025.71,29095282547.00,2024-01-29T23:59:59.999Z
28-01-2024,00:00:00.000Z,2024-01-28T05:08:00.000Z,2024-01-28T23:14:00.000Z,2781,0.530274523,0.53505401,0.521829687,0.524093606,523517402.98,28497334190.00,2024-01-28T23:59:59.999Z
27-01-2024,00:00:00.000Z,2024-01-27T05:20:00.000Z,2024-01-27T09:02:00.000Z,2781,0.53219017,0.534318649,0.527080261,0.530259728,471931643.73,28832614071.00,2024-01-27T23:59:59.999Z
26-01-2024,00:00:00.000Z,2024-01-26T18:41:00.000Z,2024-01-26T01:11:00.000Z,2781,0.51358186,0.535225084,0.508954551,0.532188525,1021918091.96,28937491482.00,2024-01-26T23:59:59.999Z
25-01-2024,00:00:00.000Z,2024-01-25T00:00:00.000Z,2024-01-25T17:20:00.000Z,2781,0.517981739,0.517981739,0.504369818,0.513606205,825132968.47,27927086874.00,2024-01-25T23:59:59.999Z
24-01-2024,00:00:00.000Z,2024-01-24T23:53:00.000Z,2024-01-24T06:27:00.000Z,2781,0.517752627,0.518866709,0.511177,0.517988144,880367820.24,28147391586.00,2024-01-24T23:59:59.999Z
23-01-2024,00:00:00.000Z,2024-01-23T04:32:00.000Z,2024-01-23T14:25:00.000Z,2781,0.526725687,0.531024755,0.497545206,0.517737134,1414753278.28,28133751731.00,2024-01-23T23:59:59.999Z
22-01-2024,00:00:00.000Z,2024-01-22T00:20:00.000Z,2024-01-22T19:47:00.000Z,2781,0.546216153,0.548638183,0.521916722,0.526715755,1151736624.66,28621648560.00,2024-01-22T23:59:59.999Z
21-01-2024,00:00:00.000Z,2024-01-21T03:25:00.000Z,2024-01-21T23:59:00.000Z,2781,0.553145272,0.554769621,0.546111037,0.546111037,494271879.13,29675585018.00,2024-01-21T23:59:59.999Z
20-01-2024,00:00:00.000Z,2024-01-20T23:41:00.000Z,2024-01-20T01:02:00.000Z,2781,0.544244154,0.554386047,0.539338286,0.553125718,725888846.97,30056761623.00,2024-01-20T23:59:59.999Z
19-01-2024,00:00:00.000Z,2024-01-19T00:10:00.000Z,2024-01-19T16:47:00.000Z,2781,0.551869533,0.552995185,0.523936563,0.544255727,1330077736.48,29574767781.00,2024-01-19T23:59:59.999Z
18-01-2024,00:00:00.000Z,2024-01-18T08:07:00.000Z,2024-01-18T20:47:00.000Z,2781,0.56798098,0.568357148,0.5461291,0.551907384,1057710373.51,29990557672.00,2024-01-18T23:59:59.999Z
17-01-2024,00:00:00.000Z,2024-01-17T02:21:00.000Z,2024-01-17T17:08:00.000Z,2781,0.575903074,0.576062952,0.563291859,0.567972878,901923640.11,30863554024.00,2024-01-17T23:59:59.999Z
16-01-2024,00:00:00.000Z,2024-01-16T22:34:00.000Z,2024-01-16T14:45:00.000Z,2781,0.575867464,0.579640899,0.567647991,0.575947005,924543394.48,31254813318.00,2024-01-16T23:59:59.999Z
15-01-2024,00:00:00.000Z,2024-01-15T03:16:00.000Z,2024-01-15T15:56:00.000Z,2781,0.576155351,0.588460495,0.569581646,0.575920285,993534380.00,31253363303.00,2024-01-15T23:59:59.999Z
14-01-2024,00:00:00.000Z,2024-01-14T22:07:00.000Z,2024-01-14T04:57:00.000Z,2781,0.575071499,0.59209162,0.572338311,0.576232616,841667731.26,31270312553.00,2024-01-14T23:59:59.999Z
13-01-2024,00:00:00.000Z,2024-01-13T22:08:00.000Z,2024-01-13T01:15:00.000Z,2781,0.570171263,0.577452211,0.565226908,0.575078031,718059698.34,31207656875.00,2024-01-13T23:59:59.999Z
12-01-2024,00:00:00.000Z,2024-01-12T00:11:00.000Z,2024-01-12T22:26:00.000Z,2781,0.602095665,0.603205908,0.561412705,0.570298728,1716194371.98,30948299306.00,2024-01-12T23:59:59.999Z
11-01-2024,00:00:00.000Z,2024-01-11T13:23:00.000Z,2024-01-11T06:15:00.000Z,2781,0.600169675,0.622340276,0.587844357,0.602094725,2112917471.93,32673767000.00,2024-01-11T23:59:59.999Z
10-01-2024,00:00:00.000Z,2024-01-10T23:17:00.000Z,2024-01-10T12:58:00.000Z,2781,0.566672389,0.612516701,0.552116955,0.599989065,2223452643.03,32525669710.00,2024-01-10T23:59:59.999Z
09-01-2024,00:00:00.000Z,2024-01-09T00:07:00.000Z,2024-01-09T16:35:00.000Z,2781,0.57796442,0.578509684,0.557196542,0.566633104,1740178857.15,30717428430.00,2024-01-09T23:59:59.999Z
08-01-2024,00:00:00.000Z,2024-01-08T19:16:00.000Z,2024-01-08T03:30:00.000Z,2781,0.551716094,0.581594933,0.55067519,0.577922864,2011066818.90,31329451311.00,2024-01-08T23:59:59.999Z
07-01-2024,00:00:00.000Z,2024-01-07T08:34:00.000Z,2024-01-07T23:31:00.000Z,2781,0.56852106,0.572775883,0.548477167,0.551740542,901525411.93,29910096169.00,2024-01-07T23:59:59.999Z
06-01-2024,00:00:00.000Z,2024-01-06T00:00:00.000Z,2024-01-06T06:58:00.000Z,2781,0.576512175,0.576512175,0.559386251,0.568511905,820534691.26,30819279074.00,2024-01-06T23:59:59.999Z
05-01-2024,00:00:00.000Z,2024-01-05T00:28:00.000Z,2024-01-05T17:10:00.000Z,2781,0.588197499,0.589412875,0.558444175,0.576486079,1509144161.80,31251562528.00,2024-01-05T23:59:59.999Z
04-01-2024,00:00:00.000Z,2024-01-04T22:25:00.000Z,2024-01-04T10:25:00.000Z,2781,0.582576824,0.59394145,0.5729555,0.588225641,1452005657.02,31837800582.00,2024-01-04T23:59:59.999Z
03-01-2024,00:00:00.000Z,2024-01-03T05:31:00.000Z,2024-01-03T12:16:00.000Z,2781,0.625380732,0.637769548,0.538765645,0.582580003,3406740411.77,31532229590.00,2024-01-03T23:59:59.999Z
02-01-2024,00:00:00.000Z,2024-01-02T10:01:00.000Z,2024-01-02T17:43:00.000Z,2781,0.630093737,0.638627073,0.623182365,0.625362534,1326197378.05,33847840412.00,2024-01-02T23:59:59.999Z
01-01-2024,00:00:00.000Z,2024-01-01T23:40:00.000Z,2024-01-01T06:03:00.000Z,2781,0.615655957,0.631275408,0.609636064,0.630081896,729315153.08,34103276615.00,2024-01-01T23:59:59.999Z
31-12-2023,00:00:00.000Z,2023-12-31T09:49:00.000Z,2023-12-31T22:55:00.000Z,2781,0.621792003,0.627576275,0.611208479,0.614941222,710033547.48,33283785351.00,2023-12-31T23:59:59.999Z
30-12-2023,00:00:00.000Z,2023-12-30T16:20:00.000Z,2023-12-30T09:46:00.000Z,2781,0.623410682,0.629478691,0.61719454,0.621843829,718565032.68,33657389993.00,2023-12-30T23:59:59.999Z
29-12-2023,00:00:00.000Z,2023-12-29T14:58:00.000Z,2023-12-29T22:22:00.000Z,2781,0.635011204,0.636594825,0.615190475,0.623402292,1324305214.89,33741742043.00,2023-12-29T23:59:59.999Z
28-12-2023,00:00:00.000Z,2023-12-28T04:52:00.000Z,2023-12-28T20:34:00.000Z,2781,0.634948394,0.655769212,0.627557418,0.634998268,1864381370.67,34369375980.00,2023-12-28T23:59:59.999Z
27-12-2023,00:00:00.000Z,2023-12-27T21:03:00.000Z,2023-12-27T03:34:00.000Z,2781,0.622397007,0.641538274,0.614218962,0.634855616,1432931897.49,34361654929.00,2023-12-27T23:59:59.999Z
26-12-2023,00:00:00.000Z,2023-12-26T00:01:00.000Z,2023-12-26T17:44:00.000Z,2781,0.646349285,0.646481522,0.608386538,0.622368791,1622454756.59,33648380747.00,2023-12-26T23:59:59.999Z
25-12-2023,00:00:00.000Z,2023-12-25T23:55:00.000Z,2023-12-25T00:46:00.000Z,2781,0.613503431,0.646984572,0.610258315,0.64633706,1781837085.01,34944225692.00,2023-12-25T23:59:59.999Z
24-12-2023,00:00:00.000Z,2023-12-24T20:22:00.000Z,2023-12-24T22:54:00.000Z,2781,0.620212516,0.628413123,0.608560462,0.613517538,1178583397.94,33169837561.00,2023-12-24T23:59:59.999Z
23-12-2023,00:00:00.000Z,2023-12-23T00:00:00.000Z,2023-12-23T04:14:00.000Z,2781,0.625372898,0.625372898,0.613000029,0.620205253,774484008.73,33531408997.00,2023-12-23T23:59:59.999Z
22-12-2023,00:00:00.000Z,2023-12-22T08:37:00.000Z,2023-12-22T14:31:00.000Z,2781,0.623909214,0.62767323,0.61683586,0.625402075,1374123623.89,33812375290.00,2023-12-22T23:59:59.999Z
21-12-2023,00:00:00.000Z,2023-12-21T21:49:00.000Z,2023-12-21T01:46:00.000Z,2781,0.617332978,0.624502168,0.611621368,0.6239103,1149787444.52,33694648321.00,2023-12-21T23:59:59.999Z
20-12-2023,00:00:00.000Z,2023-12-20T19:04:00.000Z,2023-12-20T02:11:00.000Z,2781,0.605408019,0.625357118,0.602385411,0.617318971,1344408212.70,33338679640.00,2023-12-20T23:59:59.999Z
19-12-2023,00:00:00.000Z,2023-12-19T01:59:00.000Z,2023-12-19T18:01:00.000Z,2781,0.612507845,0.615832224,0.598158484,0.605455931,1137147807.02,32698009059.00,2023-12-19T23:59:59.999Z
18-12-2023,00:00:00.000Z,2023-12-18T23:11:00.000Z,2023-12-18T10:37:00.000Z,2781,0.610361957,0.613665788,0.583382832,0.612530184,1674969771.39,33080058350.00,2023-12-18T23:59:59.999Z
17-12-2023,00:00:00.000Z,2023-12-17T01:22:00.000Z,2023-12-17T23:39:00.000Z,2781,0.619826612,0.62189174,0.609635019,0.610418298,832504145.33,32966004672.00,2023-12-17T23:59:59.999Z
16-12-2023,00:00:00.000Z,2023-12-16T16:46:00.000Z,2023-12-16T00:40:00.000Z,2781,0.615516805,0.62521118,0.612010598,0.619835022,770529287.87,33474560472.00,2023-12-16T23:59:59.999Z
15-12-2023,00:00:00.000Z,2023-12-15T01:46:00.000Z,2023-12-15T23:45:00.000Z,2781,0.63243625,0.641949385,0.615081936,0.615492481,1392239589.69,33240038978.00,2023-12-15T23:59:59.999Z
14-12-2023,00:00:00.000Z,2023-12-14T22:18:00.000Z,2023-12-14T13:36:00.000Z,2781,0.628413396,0.637505857,0.61745081,0.632432481,1428433766.92,34154893743.00,2023-12-14T23:59:59.999Z
13-12-2023,00:00:00.000Z,2023-12-13T22:17:00.000Z,2023-12-13T07:02:00.000Z,2781,0.619508351,0.633425614,0.598793464,0.628485816,1557123843.01,33911498908.00,2023-12-13T23:59:59.999Z
12-12-2023,00:00:00.000Z,2023-12-12T07:58:00.000Z,2023-12-12T17:37:00.000Z,2781,0.61996204,0.62572134,0.608253871,0.619549445,1458882180.10,33429314858.00,2023-12-12T23:59:59.999Z
11-12-2023,00:00:00.000Z,2023-12-11T00:10:00.000Z,2023-12-11T18:32:00.000Z,2781,0.661633368,0.662750524,0.605096744,0.620210827,2252797874.76,33465001381.00,2023-12-11T23:59:59.999Z
10-12-2023,00:00:00.000Z,2023-12-10T06:02:00.000Z,2023-12-10T10:01:00.000Z,2781,0.658857526,0.670314808,0.649805515,0.661578266,1170952363.37,35697083329.00,2023-12-10T23:59:59.999Z
09-12-2023,00:00:00.000Z,2023-12-09T05:28:00.000Z,2023-12-09T23:37:00.000Z,2781,0.673131385,0.698837555,0.657843977,0.658813642,2229504513.88,35547911236.00,2023-12-09T23:59:59.999Z
08-12-2023,00:00:00.000Z,2023-12-08T23:49:00.000Z,2023-12-08T07:32:00.000Z,2781,0.643668006,0.674207336,0.640039855,0.673138321,1892803940.12,36320834554.00,2023-12-08T23:59:59.999Z
07-12-2023,00:00:00.000Z,2023-12-07T06:07:00.000Z,2023-12-07T09:29:00.000Z,2781,0.640486743,0.653057702,0.626130096,0.643632388,1839789008.29,34600042848.00,2023-12-07T23:59:59.999Z
06-12-2023,00:00:00.000Z,2023-12-06T23:47:00.000Z,2023-12-06T06:10:00.000Z,2781,0.621961649,0.642163733,0.61568387,0.640332965,2038373923.26,34506628835.00,2023-12-06T23:59:59.999Z
05-12-2023,00:00:00.000Z,2023-12-05T01:03:00.000Z,2023-12-05T14:03:00.000Z,2781,0.624395998,0.628372574,0.609369875,0.621997009,1452525777.32,33518530340.00,2023-12-05T23:59:59.999Z
04-12-2023,00:00:00.000Z,2023-12-04T09:10:00.000Z,2023-12-04T11:22:00.000Z,2781,0.62367566,0.641087845,0.607999708,0.62437372,1947607221.54,33646607910.00,2023-12-04T23:59:59.999Z
03-12-2023,00:00:00.000Z,2023-12-03T10:46:00.000Z,2023-12-03T03:47:00.000Z,2781,0.620997552,0.632912821,0.618100014,0.623722832,993447972.36,33611532482.00,2023-12-03T23:59:59.999Z
02-12-2023,00:00:00.000Z,2023-12-02T22:02:00.000Z,2023-12-02T00:33:00.000Z,2781,0.612913979,0.622458967,0.611745659,0.620976241,667809511.32,33463522612.00,2023-12-02T23:59:59.999Z
01-12-2023,00:00:00.000Z,2023-12-01T10:02:00.000Z,2023-12-01T00:51:00.000Z,2781,0.606350051,0.613993132,0.604386178,0.612914701,919121547.51,33029097728.00,2023-12-01T23:59:59.999Z
30-11-2023,00:00:00.000Z,2023-11-30T04:18:00.000Z,2023-11-30T08:43:00.000Z,2781,0.609355059,0.609632219,0.599816,0.606357906,980182656.59,32675761410.00,2023-11-30T23:59:59.999Z
29-11-2023,00:00:00.000Z,2023-11-29T09:09:00.000Z,2023-11-29T16:41:00.000Z,2781,0.611410035,0.616510141,0.605113053,0.609358458,1007163956.88,32837485435.00,2023-11-29T23:59:59.999Z
28-11-2023,00:00:00.000Z,2023-11-28T17:37:00.000Z,2023-11-28T06:29:00.000Z,2781,0.604139677,0.613965891,0.597533844,0.611422332,1079777511.24,32904900713.00,2023-11-28T23:59:59.999Z
27-11-2023,00:00:00.000Z,2023-11-27T00:43:00.000Z,2023-11-27T20:31:00.000Z,2781,0.616746541,0.616956173,0.596737694,0.604153335,1209304147.10,32513705255.00,2023-11-27T23:59:59.999Z
26-11-2023,00:00:00.000Z,2023-11-26T12:25:00.000Z,2023-11-26T16:33:00.000Z,2781,0.623451966,0.635594115,0.612423932,0.616819252,1126158901.67,33195346628.00,2023-11-26T23:59:59.999Z
25-11-2023,00:00:00.000Z,2023-11-25T23:58:00.000Z,2023-11-25T11:46:00.000Z,2781,0.621858327,0.623475182,0.616926502,0.623443726,604505841.11,33551855758.00,2023-11-25T23:59:59.999Z
24-11-2023,00:00:00.000Z,2023-11-24T10:37:00.000Z,2023-11-24T14:32:00.000Z,2781,0.620250143,0.625278205,0.617525598,0.621881104,1220784875.06,33467760170.00,2023-11-24T23:59:59.999Z
23-11-2023,00:00:00.000Z,2023-11-23T19:52:00.000Z,2023-11-23T07:01:00.000Z,2781,0.61186028,0.622756729,0.607325649,0.620242007,1233580691.33,33318350245.00,2023-11-23T23:59:59.999Z
22-11-2023,00:00:00.000Z,2023-11-22T21:35:00.000Z,2023-11-22T00:01:00.000Z,2781,0.580443487,0.615112129,0.579436953,0.611899234,1332443782.34,32870190566.00,2023-11-22T23:59:59.999Z
21-11-2023,00:00:00.000Z,2023-11-21T01:52:00.000Z,2023-11-21T23:04:00.000Z,2781,0.612833597,0.617819546,0.579288903,0.580461883,1664786742.72,31181429316.00,2023-11-21T23:59:59.999Z
20-11-2023,00:00:00.000Z,2023-11-20T10:11:00.000Z,2023-11-20T21:22:00.000Z,2781,0.627419524,0.627888151,0.612231335,0.612841517,1151372005.91,32920808417.00,2023-11-20T23:59:59.999Z
19-11-2023,00:00:00.000Z,2023-11-19T23:45:00.000Z,2023-11-19T01:35:00.000Z,2781,0.611186891,0.628720452,0.603043131,0.627498846,960738458.55,33708175330.00,2023-11-19T23:59:59.999Z
18-11-2023,00:00:00.000Z,2023-11-18T19:28:00.000Z,2023-11-18T07:08:00.000Z,2781,0.613738071,0.614488167,0.593316865,0.611189324,836754903.96,32832055437.00,2023-11-18T23:59:59.999Z
17-11-2023,00:00:00.000Z,2023-11-17T06:37:00.000Z,2023-11-17T16:07:00.000Z,2781,0.612198855,0.623839608,0.589986764,0.613717376,1462505198.92,32967858088.00,2023-11-17T23:59:59.999Z
16-11-2023,00:00:00.000Z,2023-11-16T08:06:00.000Z,2023-11-16T19:25:00.000Z,2781,0.649609483,0.652059384,0.607417465,0.612167624,1756409884.05,32884608031.00,2023-11-16T23:59:59.999Z
15-11-2023,00:00:00.000Z,2023-11-15T22:49:00.000Z,2023-11-15T01:56:00.000Z,2781,0.629726457,0.650154047,0.626563865,0.649647733,1441133011.45,34897976038.00,2023-11-15T23:59:59.999Z
14-11-2023,00:00:00.000Z,2023-11-14T00:00:00.000Z,2023-11-14T18:56:00.000Z,2781,0.671494447,0.671494447,0.607616903,0.629673052,2298949026.46,33783701034.00,2023-11-14T23:59:59.999Z
13-11-2023,00:00:00.000Z,2023-11-13T21:09:00.000Z,2023-11-13T14:49:00.000Z,2781,0.661597711,0.740568969,0.645188427,0.671523888,3089036403.01,36029114142.00,2023-11-13T23:59:59.999Z
12-11-2023,00:00:00.000Z,2023-11-12T10:51:00.000Z,2023-11-12T00:52:00.000Z,2781,0.662747504,0.670453094,0.650387952,0.661536004,988542527.21,35493236527.00,2023-11-12T23:59:59.999Z
11-11-2023,00:00:00.000Z,2023-11-11T08:22:00.000Z,2023-11-11T04:31:00.000Z,2781,0.660560267,0.680740865,0.644315755,0.662734631,1754960200.77,35557546204.00,2023-11-11T23:59:59.999Z
10-11-2023,00:00:00.000Z,2023-11-10T03:16:00.000Z,2023-11-10T14:13:00.000Z,2781,0.667603375,0.670538702,0.643110976,0.660574808,2009821437.08,35441665700.00,2023-11-10T23:59:59.999Z
09-11-2023,00:00:00.000Z,2023-11-09T10:25:00.000Z,2023-11-09T16:42:00.000Z,2781,0.688030592,0.704313322,0.646319431,0.667475317,3292007279.42,35811897112.00,2023-11-09T23:59:59.999Z
08-11-2023,00:00:00.000Z,2023-11-08T10:55:00.000Z,2023-11-08T08:07:00.000Z,2781,0.686320057,0.696895513,0.674028871,0.688076084,1770450556.50,36891775657.00,2023-11-08T23:59:59.999Z
07-11-2023,00:00:00.000Z,2023-11-07T00:00:00.000Z,2023-11-07T17:08:00.000Z,2781,0.715505183,0.715505183,0.657659244,0.686401705,2813667009.98,36802002434.00,2023-11-07T23:59:59.999Z
06-11-2023,00:00:00.000Z,2023-11-06T14:28:00.000Z,2023-11-06T00:06:00.000Z,2781,0.661126696,0.729871725,0.660660933,0.715517291,3293503682.97,38363058963.00,2023-11-06T23:59:59.999Z
05-11-2023,00:00:00.000Z,2023-11-05T23:59:00.000Z,2023-11-05T00:29:00.000Z,2781,0.616179594,0.661147227,0.61529085,0.661147227,1923304411.85,35447962462.00,2023-11-05T23:59:59.999Z
04-11-2023,00:00:00.000Z,2023-11-04T09:09:00.000Z,2023-11-04T15:19:00.000Z,2781,0.613039808,0.618021049,0.61013767,0.616183869,811373229.40,33037214350.00,2023-11-04T23:59:59.999Z
03-11-2023,00:00:00.000Z,2023-11-03T21:31:00.000Z,2023-11-03T05:08:00.000Z,2781,0.606385933,0.615238163,0.59391896,0.613001514,1403532405.54,32866589726.00,2023-11-03T23:59:59.999Z
02-11-2023,00:00:00.000Z,2023-11-02T12:52:00.000Z,2023-11-02T16:34:00.000Z,2781,0.609543838,0.624105925,0.593230312,0.606439253,1826715429.86,32514748614.00,2023-11-02T23:59:59.999Z
01-11-2023,00:00:00.000Z,2023-11-01T21:01:00.000Z,2023-11-01T06:07:00.000Z,2781,0.600295484,0.615905853,0.582261639,0.609537853,1779920316.77,32680882622.00,2023-11-01T23:59:59.999Z
31-10-2023,00:00:00.000Z,2023-10-31T11:04:00.000Z,2023-10-31T08:10:00.000Z,2781,0.578927678,0.612737106,0.566492604,0.600282101,2218043566.96,32151414473.00,2023-10-31T23:59:59.999Z
30-10-2023,00:00:00.000Z,2023-10-30T19:40:00.000Z,2023-10-30T06:13:00.000Z,2781,0.556389708,0.583204516,0.55059772,0.578943826,1527609944.48,31008525647.00,2023-10-30T23:59:59.999Z
29-10-2023,00:00:00.000Z,2023-10-29T17:54:00.000Z,2023-10-29T01:33:00.000Z,2781,0.545372233,0.560906076,0.542185726,0.55639412,655356619.92,29800751941.00,2023-10-29T23:59:59.999Z
28-10-2023,00:00:00.000Z,2023-10-28T11:34:00.000Z,2023-10-28T01:15:00.000Z,2781,0.545714758,0.550047342,0.541652083,0.545391174,566792582.79,29211428526.00,2023-10-28T23:59:59.999Z
27-10-2023,00:00:00.000Z,2023-10-27T01:19:00.000Z,2023-10-27T18:31:00.000Z,2781,0.553684984,0.557566212,0.539477538,0.546106567,1048891334.90,29249745337.00,2023-10-27T23:59:59.999Z
26-10-2023,00:00:00.000Z,2023-10-26T08:52:00.000Z,2023-10-26T15:47:00.000Z,2781,0.55535333,0.566775338,0.544552467,0.553682619,1401251369.72,29655522559.00,2023-10-26T23:59:59.999Z
25-10-2023,00:00:00.000Z,2023-10-25T17:37:00.000Z,2023-10-25T08:10:00.000Z,2781,0.558620243,0.562376706,0.542238363,0.555306027,1396455737.85,29676124590.00,2023-10-25T23:59:59.999Z
24-10-2023,00:00:00.000Z,2023-10-24T12:46:00.000Z,2023-10-24T07:37:00.000Z,2781,0.546892785,0.582973179,0.537455348,0.558531769,2705905445.33,29848511569.00,2023-10-24T23:59:59.999Z
23-10-2023,00:00:00.000Z,2023-10-23T23:02:00.000Z,2023-10-23T07:02:00.000Z,2781,0.523598106,0.550537585,0.521825843,0.546869522,1699115599.14,29225269117.00,2023-10-23T23:59:59.999Z
22-10-2023,00:00:00.000Z,2023-10-22T01:16:00.000Z,2023-10-22T07:46:00.000Z,2781,0.521198039,0.523849459,0.516001416,0.522487308,556378449.90,27922258557.00,2023-10-22T23:59:59.999Z
21-10-2023,00:00:00.000Z,2023-10-21T14:49:00.000Z,2023-10-21T02:52:00.000Z,2781,0.515989536,0.529482389,0.512329256,0.521243048,656496070.70,27855763978.00,2023-10-21T23:59:59.999Z
20-10-2023,00:00:00.000Z,2023-10-20T00:13:00.000Z,2023-10-20T06:17:00.000Z,2781,0.520077772,0.529103055,0.510005191,0.51600395,1369774007.55,27575781245.00,2023-10-20T23:59:59.999Z
19-10-2023,00:00:00.000Z,2023-10-19T23:46:00.000Z,2023-10-19T07:20:00.000Z,2781,0.488311979,0.522495951,0.478667874,0.520126912,1385006017.64,27796116529.00,2023-10-19T23:59:59.999Z
18-10-2023,00:00:00.000Z,2023-10-18T04:58:00.000Z,2023-10-18T09:17:00.000Z,2781,0.491704257,0.492205448,0.487421734,0.488318955,734621817.15,26096266667.00,2023-10-18T23:59:59.999Z
17-10-2023,00:00:00.000Z,2023-10-17T00:01:00.000Z,2023-10-17T13:52:00.000Z,2781,0.497982498,0.498137583,0.488604961,0.491693564,773438395.05,26276609190.00,2023-10-17T23:59:59.999Z
16-10-2023,00:00:00.000Z,2023-10-16T13:33:00.000Z,2023-10-16T04:43:00.000Z,2781,0.487838488,0.505457504,0.48615714,0.497977423,1082594335.56,26612425104.00,2023-10-16T23:59:59.999Z
15-10-2023,00:00:00.000Z,2023-10-15T21:06:00.000Z,2023-10-15T01:07:00.000Z,2781,0.486773387,0.489991744,0.485664856,0.487846384,385469444.44,26071011943.00,2023-10-15T23:59:59.999Z
14-10-2023,00:00:00.000Z,2023-10-14T16:19:00.000Z,2023-10-14T06:41:00.000Z,2781,0.485689734,0.487980076,0.483973877,0.486774757,357321202.67,26013743141.00,2023-10-14T23:59:59.999Z
13-10-2023,00:00:00.000Z,2023-10-13T21:10:00.000Z,2023-10-13T12:30:00.000Z,2781,0.483048537,0.48978916,0.479340879,0.485698884,696915013.01,25956247340.00,2023-10-13T23:59:59.999Z
12-10-2023,00:00:00.000Z,2023-10-12T00:01:00.000Z,2023-10-12T09:34:00.000Z,2781,0.488797722,0.488856848,0.475637445,0.483050315,812745906.92,25814705111.00,2023-10-12T23:59:59.999Z
11-10-2023,00:00:00.000Z,2023-10-11T00:52:00.000Z,2023-10-11T16:55:00.000Z,2781,0.497378608,0.49779096,0.480860456,0.488837634,794253916.89,26123985388.00,2023-10-11T23:59:59.999Z
10-10-2023,00:00:00.000Z,2023-10-10T00:00:00.000Z,2023-10-10T15:25:00.000Z,2781,0.503255847,0.503255847,0.493297138,0.497436433,670612868.89,26556787934.00,2023-10-10T23:59:59.999Z
09-10-2023,00:00:00.000Z,2023-10-09T01:55:00.000Z,2023-10-09T16:47:00.000Z,2781,0.517973392,0.519767053,0.495290931,0.503226694,989847649.01,26865914336.00,2023-10-09T23:59:59.999Z
08-10-2023,00:00:00.000Z,2023-10-08T02:22:00.000Z,2023-10-08T22:16:00.000Z,2781,0.521879491,0.523540051,0.517264085,0.517961263,356449311.40,27652553186.00,2023-10-08T23:59:59.999Z
07-10-2023,00:00:00.000Z,2023-10-07T00:00:00.000Z,2023-10-07T19:14:00.000Z,2781,0.52619023,0.52619023,0.520833387,0.521905585,321512118.09,27863129874.00,2023-10-07T23:59:59.999Z
06-10-2023,00:00:00.000Z,2023-10-06T22:26:00.000Z,2023-10-06T13:01:00.000Z,2781,0.523354247,0.529078792,0.518493852,0.526193066,684500789.76,28092026878.00,2023-10-06T23:59:59.999Z
05-10-2023,00:00:00.000Z,2023-10-05T00:00:00.000Z,2023-10-05T16:46:00.000Z,2781,0.532957272,0.532957272,0.518828243,0.523366018,823945281.64,27901879790.00,2023-10-05T23:59:59.999Z
04-10-2023,00:00:00.000Z,2023-10-04T02:17:00.000Z,2023-10-04T00:43:00.000Z,2781,0.538404139,0.541012533,0.523261873,0.532930627,1467518349.76,28411791676.00,2023-10-04T23:59:59.999Z
03-10-2023,00:00:00.000Z,2023-10-03T23:16:00.000Z,2023-10-03T16:13:00.000Z,2781,0.512811543,0.544901485,0.507465331,0.538386946,1206543605.91,28702680933.00,2023-10-03T23:59:59.999Z
02-10-2023,00:00:00.000Z,2023-10-02T04:06:00.000Z,2023-10-02T23:13:00.000Z,2781,0.524204036,0.525542628,0.510990116,0.512831512,946645871.95,27340260335.00,2023-10-02T23:59:59.999Z
01-10-2023,00:00:00.000Z,2023-10-01T23:04:00.000Z,2023-10-01T01:22:00.000Z,2781,0.515368278,0.525219789,0.514943354,0.524204467,549430553.69,27946579473.00,2023-10-01T23:59:59.999Z
30-09-2023,00:00:00.000Z,2023-09-30T00:00:00.000Z,2023-09-30T02:04:00.000Z,2781,0.521688704,0.521688704,0.51520734,0.515405359,544604664.19,27477478189.00,2023-09-30T23:59:59.999Z
29-09-2023,00:00:00.000Z,2023-09-29T12:28:00.000Z,2023-09-29T06:39:00.000Z,2781,0.50953725,0.545456674,0.506816847,0.521719242,1721538760.99,27814086233.00,2023-09-29T23:59:59.999Z
28-09-2023,00:00:00.000Z,2023-09-28T23:59:00.000Z,2023-09-28T06:38:00.000Z,2781,0.499589584,0.509525059,0.495606134,0.509525059,786510397.61,27163985528.00,2023-09-28T23:59:59.999Z
27-09-2023,00:00:00.000Z,2023-09-27T11:55:00.000Z,2023-09-27T06:52:00.000Z,2781,0.501703789,0.506476049,0.497373501,0.499596784,748882158.78,26634685733.00,2023-09-27T23:59:59.999Z
26-09-2023,00:00:00.000Z,2023-09-26T03:46:00.000Z,2023-09-26T09:14:00.000Z,2781,0.50545514,0.506654682,0.498803899,0.501708481,782380754.64,26713588630.00,2023-09-26T23:59:59.999Z
25-09-2023,00:00:00.000Z,2023-09-25T20:04:00.000Z,2023-09-25T07:37:00.000Z,2781,0.502386666,0.506469427,0.492582545,0.505461494,852958013.27,26913418698.00,2023-09-25T23:59:59.999Z
24-09-2023,00:00:00.000Z,2023-09-24T12:05:00.000Z,2023-09-24T23:37:00.000Z,2781,0.5080164,0.511317196,0.501432864,0.502388022,404611925.23,26749770927.00,2023-09-24T23:59:59.999Z
23-09-2023,00:00:00.000Z,2023-09-23T05:32:00.000Z,2023-09-23T23:05:00.000Z,2781,0.512497969,0.51351936,0.506885974,0.508033881,382427235.11,27050386043.00,2023-09-23T23:59:59.999Z
22-09-2023,00:00:00.000Z,2023-09-22T19:07:00.000Z,2023-09-22T00:29:00.000Z,2781,0.507193913,0.516181499,0.505609255,0.512510325,712954688.07,27288735401.00,2023-09-22T23:59:59.999Z
21-09-2023,00:00:00.000Z,2023-09-21T00:00:00.000Z,2023-09-21T11:01:00.000Z,2781,0.5213579,0.5213579,0.502022844,0.507179138,1120291946.52,27004875073.00,2023-09-21T23:59:59.999Z
20-09-2023,00:00:00.000Z,2023-09-20T21:50:00.000Z,2023-09-20T10:36:00.000Z,2781,0.514132671,0.52426643,0.510391402,0.521355329,1081193590.78,27723278523.00,2023-09-20T23:59:59.999Z
19-09-2023,00:00:00.000Z,2023-09-19T18:28:00.000Z,2023-09-19T00:22:00.000Z,2781,0.503187422,0.515974606,0.501836854,0.514151479,981191150.41,27340210899.00,2023-09-19T23:59:59.999Z
18-09-2023,00:00:00.000Z,2023-09-18T22:17:00.000Z,2023-09-18T00:39:00.000Z,2781,0.493029365,0.506631904,0.489546907,0.503203182,955363037.68,26758030823.00,2023-09-18T23:59:59.999Z
17-09-2023,00:00:00.000Z,2023-09-17T15:16:00.000Z,2023-09-17T23:34:00.000Z,2781,0.499907104,0.500372411,0.492021682,0.493040958,500486647.85,26217650533.00,2023-09-17T23:59:59.999Z
16-09-2023,00:00:00.000Z,2023-09-16T03:28:00.000Z,2023-09-16T15:07:00.000Z,2781,0.50084915,0.503167809,0.498845491,0.499880368,517370943.11,26581338884.00,2023-09-16T23:59:59.999Z
15-09-2023,00:00:00.000Z,2023-09-15T04:52:00.000Z,2023-09-15T14:49:00.000Z,2781,0.489468192,0.505073742,0.488977065,0.500875239,951792585.11,26634241540.00,2023-09-15T23:59:59.999Z
14-09-2023,00:00:00.000Z,2023-09-14T20:03:00.000Z,2023-09-14T06:47:00.000Z,2781,0.48376686,0.493114815,0.480650661,0.489456844,783751989.05,26027063808.00,2023-09-14T23:59:59.999Z
13-09-2023,00:00:00.000Z,2023-09-13T07:43:00.000Z,2023-09-13T08:02:00.000Z,2781,0.480756934,0.486787197,0.474934116,0.483775333,899389429.14,25680268495.00,2023-09-13T23:59:59.999Z
12-09-2023,00:00:00.000Z,2023-09-12T16:32:00.000Z,2023-09-12T02:02:00.000Z,2781,0.474388922,0.484830442,0.470751537,0.480737719,1026076356.63,25519022702.00,2023-09-12T23:59:59.999Z
11-09-2023,00:00:00.000Z,2023-09-11T00:16:00.000Z,2023-09-11T19:40:00.000Z,2781,0.497785674,0.498015092,0.467078619,0.47437361,1280910601.74,25181196379.00,2023-09-11T23:59:59.999Z
10-09-2023,00:00:00.000Z,2023-09-10T00:01:00.000Z,2023-09-10T16:52:00.000Z,2781,0.503858339,0.503883042,0.49541923,0.497813892,506251984.61,26425477982.00,2023-09-10T23:59:59.999Z
09-09-2023,00:00:00.000Z,2023-09-09T00:00:00.000Z,2023-09-09T04:43:00.000Z,2781,0.504858506,0.504858506,0.502028338,0.503854996,359744791.58,26746158182.00,2023-09-09T23:59:59.999Z
08-09-2023,00:00:00.000Z,2023-09-08T01:03:00.000Z,2023-09-08T10:22:00.000Z,2781,0.504865424,0.506718029,0.497028669,0.504850297,709453301.22,26798991810.00,2023-09-08T23:59:59.999Z
07-09-2023,00:00:00.000Z,2023-09-07T21:22:00.000Z,2023-09-07T09:10:00.000Z,2781,0.503236539,0.5060913,0.497338434,0.504857297,699614462.54,26746177186.00,2023-09-07T23:59:59.999Z
06-09-2023,00:00:00.000Z,2023-09-06T00:01:00.000Z,2023-09-06T17:10:00.000Z,2781,0.505430622,0.505455367,0.493810526,0.503242534,773743078.86,26660630765.00,2023-09-06T23:59:59.999Z
05-09-2023,00:00:00.000Z,2023-09-05T00:00:00.000Z,2023-09-05T14:05:00.000Z,2781,0.508396766,0.508396766,0.500122906,0.505410818,750823613.05,26775501493.00,2023-09-05T23:59:59.999Z
04-09-2023,00:00:00.000Z,2023-09-04T04:44:00.000Z,2023-09-04T15:13:00.000Z,2781,0.505048901,0.51206825,0.498992949,0.508375226,843268289.74,26932548975.00,2023-09-04T23:59:59.999Z
03-09-2023,00:00:00.000Z,2023-09-03T17:04:00.000Z,2023-09-03T00:34:00.000Z,2781,0.499108359,0.509185971,0.497838987,0.505048806,622598422.31,26756322906.00,2023-09-03T23:59:59.999Z
02-09-2023,00:00:00.000Z,2023-09-02T15:28:00.000Z,2023-09-02T02:42:00.000Z,2781,0.498059688,0.502109719,0.495362139,0.49909123,661651382.43,26440704279.00,2023-09-02T23:59:59.999Z
01-09-2023,00:00:00.000Z,2023-09-01T00:21:00.000Z,2023-09-01T19:14:00.000Z,2781,0.510788476,0.511622547,0.48860102,0.498074955,1097204086.92,26386864348.00,2023-09-01T23:59:59.999Z
31-08-2023,00:00:00.000Z,2023-08-31T00:01:00.000Z,2023-08-31T17:04:00.000Z,2781,0.528195148,0.528462097,0.50508038,0.510798626,1074749312.38,27060935129.00,2023-08-31T23:59:59.999Z
30-08-2023,00:00:00.000Z,2023-08-30T00:02:00.000Z,2023-08-30T15:07:00.000Z,2781,0.540045026,0.540164704,0.52315152,0.528194405,967541032.07,27982517233.00,2023-08-30T23:59:59.999Z
29-08-2023,00:00:00.000Z,2023-08-29T14:46:00.000Z,2023-08-29T10:40:00.000Z,2781,0.523252008,0.546575669,0.51377094,0.54006517,1468584827.88,28611349731.00,2023-08-29T23:59:59.999Z
28-08-2023,00:00:00.000Z,2023-08-28T23:28:00.000Z,2023-08-28T09:28:00.000Z,2781,0.523839724,0.524353265,0.512672655,0.523247956,842593343.94,27687243602.00,2023-08-28T23:59:59.999Z
27-08-2023,00:00:00.000Z,2023-08-27T14:40:00.000Z,2023-08-27T22:10:00.000Z,2781,0.523484393,0.529601803,0.52151615,0.523844358,584757090.26,27718801745.00,2023-08-27T23:59:59.999Z
26-08-2023,00:00:00.000Z,2023-08-26T20:21:00.000Z,2023-08-26T05:39:00.000Z,2781,0.52621848,0.526865242,0.519306448,0.523470113,541153725.09,27698998899.00,2023-08-26T23:59:59.999Z
